{
  "AWSTemplateFormatVersion": "2010-09-09",
  "Description": "The AWS CloudFormation template for this Serverless application",
  "Resources": {
    "AuthenticatorFunctionLogGroup": {
      "Type": "AWS::Logs::LogGroup",
      "Properties": {
        "LogGroupName": "/aws/lambda/pos-tech-employees-ms-prod-AuthenticatorFunction"
      }
    },
    "CreateFunctionLogGroup": {
      "Type": "AWS::Logs::LogGroup",
      "Properties": {
        "LogGroupName": "/aws/lambda/pos-tech-employees-ms-prod-CreateFunction"
      }
    },
    "AuthenticatorFunctionLambdaFunction": {
      "Type": "AWS::Lambda::Function",
      "Properties": {
        "Code": {
          "S3Bucket": "serverless-framework-deployments-sa-east-1-ebbd4ccc-a4b7",
          "S3Key": "serverless/pos-tech-employees-ms/prod/1749344583773-2025-06-08T01:03:03.773Z/function.zip"
        },
        "Handler": "Employees::Employees.Function::FunctionHandler",
        "Runtime": "dotnet6",
        "FunctionName": "pos-tech-employees-ms-prod-AuthenticatorFunction",
        "MemorySize": 1024,
        "Timeout": 6,
        "Environment": {
          "Variables": {
            "EMPLOYEES_TABLE": "PosTech-Employees"
          }
        },
        "Role": "arn:aws:iam::985539770222:role/PosTechRole"
      },
      "DependsOn": [
        "AuthenticatorFunctionLogGroup"
      ]
    },
    "CreateFunctionLambdaFunction": {
      "Type": "AWS::Lambda::Function",
      "Properties": {
        "Code": {
          "S3Bucket": "serverless-framework-deployments-sa-east-1-ebbd4ccc-a4b7",
          "S3Key": "serverless/pos-tech-employees-ms/prod/1749344583773-2025-06-08T01:03:03.773Z/function.zip"
        },
        "Handler": "Employees::Employees.Function::FunctionHandler",
        "Runtime": "dotnet6",
        "FunctionName": "pos-tech-employees-ms-prod-CreateFunction",
        "MemorySize": 1024,
        "Timeout": 6,
        "Environment": {
          "Variables": {
            "EMPLOYEES_TABLE": "PosTech-Employees"
          }
        },
        "Role": "arn:aws:iam::985539770222:role/PosTechRole"
      },
      "DependsOn": [
        "CreateFunctionLogGroup"
      ]
    },
    "AuthenticatorFunctionLambdaVersion1L7fRlZ9WBJveoUd8fNRBdSQulnK3agE1MT92ubFrS4": {
      "Type": "AWS::Lambda::Version",
      "DeletionPolicy": "Retain",
      "Properties": {
        "FunctionName": {
          "Ref": "AuthenticatorFunctionLambdaFunction"
        },
        "CodeSha256": "TZNIol1Z16I7xQYMufedqlAYMGiLy4FXo22xz+h70Zs="
      }
    },
    "CreateFunctionLambdaVersionETVjLONXK9YijvK50uCPDZeSnqQgi3EobDb1NxU8": {
      "Type": "AWS::Lambda::Version",
      "DeletionPolicy": "Retain",
      "Properties": {
        "FunctionName": {
          "Ref": "CreateFunctionLambdaFunction"
        },
        "CodeSha256": "TZNIol1Z16I7xQYMufedqlAYMGiLy4FXo22xz+h70Zs="
      }
    },
    "ApiGatewayRestApi": {
      "Type": "AWS::ApiGateway::RestApi",
      "Properties": {
        "Name": "prod-pos-tech-employees-ms",
        "EndpointConfiguration": {
          "Types": [
            "EDGE"
          ]
        },
        "Policy": ""
      }
    },
    "ApiGatewayResourceEmployees": {
      "Type": "AWS::ApiGateway::Resource",
      "Properties": {
        "ParentId": {
          "Fn::GetAtt": [
            "ApiGatewayRestApi",
            "RootResourceId"
          ]
        },
        "PathPart": "employees",
        "RestApiId": {
          "Ref": "ApiGatewayRestApi"
        }
      }
    },
    "ApiGatewayResourceEmployeesAuthenticate": {
      "Type": "AWS::ApiGateway::Resource",
      "Properties": {
        "ParentId": {
          "Ref": "ApiGatewayResourceEmployees"
        },
        "PathPart": "authenticate",
        "RestApiId": {
          "Ref": "ApiGatewayRestApi"
        }
      }
    },
    "ApiGatewayResourceEmployeesCreate": {
      "Type": "AWS::ApiGateway::Resource",
      "Properties": {
        "ParentId": {
          "Ref": "ApiGatewayResourceEmployees"
        },
        "PathPart": "create",
        "RestApiId": {
          "Ref": "ApiGatewayRestApi"
        }
      }
    },
    "ApiGatewayMethodEmployeesAuthenticatePost": {
      "Type": "AWS::ApiGateway::Method",
      "Properties": {
        "HttpMethod": "POST",
        "RequestParameters": {},
        "ResourceId": {
          "Ref": "ApiGatewayResourceEmployeesAuthenticate"
        },
        "RestApiId": {
          "Ref": "ApiGatewayRestApi"
        },
        "ApiKeyRequired": false,
        "AuthorizationType": "NONE",
        "Integration": {
          "IntegrationHttpMethod": "POST",
          "Type": "AWS_PROXY",
          "Uri": {
            "Fn::Join": [
              "",
              [
                "arn:",
                {
                  "Ref": "AWS::Partition"
                },
                ":apigateway:",
                {
                  "Ref": "AWS::Region"
                },
                ":lambda:path/2015-03-31/functions/",
                {
                  "Fn::GetAtt": [
                    "AuthenticatorFunctionLambdaFunction",
                    "Arn"
                  ]
                },
                "/invocations"
              ]
            ]
          }
        },
        "MethodResponses": []
      },
      "DependsOn": [
        "AuthenticatorFunctionLambdaPermissionApiGateway"
      ]
    },
    "ApiGatewayMethodEmployeesCreatePost": {
      "Type": "AWS::ApiGateway::Method",
      "Properties": {
        "HttpMethod": "POST",
        "RequestParameters": {},
        "ResourceId": {
          "Ref": "ApiGatewayResourceEmployeesCreate"
        },
        "RestApiId": {
          "Ref": "ApiGatewayRestApi"
        },
        "ApiKeyRequired": false,
        "AuthorizationType": "NONE",
        "Integration": {
          "IntegrationHttpMethod": "POST",
          "Type": "AWS_PROXY",
          "Uri": {
            "Fn::Join": [
              "",
              [
                "arn:",
                {
                  "Ref": "AWS::Partition"
                },
                ":apigateway:",
                {
                  "Ref": "AWS::Region"
                },
                ":lambda:path/2015-03-31/functions/",
                {
                  "Fn::GetAtt": [
                    "CreateFunctionLambdaFunction",
                    "Arn"
                  ]
                },
                "/invocations"
              ]
            ]
          }
        },
        "MethodResponses": []
      },
      "DependsOn": [
        "CreateFunctionLambdaPermissionApiGateway"
      ]
    },
    "ApiGatewayDeployment1749344579835": {
      "Type": "AWS::ApiGateway::Deployment",
      "Properties": {
        "RestApiId": {
          "Ref": "ApiGatewayRestApi"
        },
        "StageName": "prod"
      },
      "DependsOn": [
        "ApiGatewayMethodEmployeesAuthenticatePost",
        "ApiGatewayMethodEmployeesCreatePost"
      ]
    },
    "AuthenticatorFunctionLambdaPermissionApiGateway": {
      "Type": "AWS::Lambda::Permission",
      "Properties": {
        "FunctionName": {
          "Fn::GetAtt": [
            "AuthenticatorFunctionLambdaFunction",
            "Arn"
          ]
        },
        "Action": "lambda:InvokeFunction",
        "Principal": "apigateway.amazonaws.com",
        "SourceArn": {
          "Fn::Join": [
            "",
            [
              "arn:",
              {
                "Ref": "AWS::Partition"
              },
              ":execute-api:",
              {
                "Ref": "AWS::Region"
              },
              ":",
              {
                "Ref": "AWS::AccountId"
              },
              ":",
              {
                "Ref": "ApiGatewayRestApi"
              },
              "/*/*"
            ]
          ]
        }
      }
    },
    "CreateFunctionLambdaPermissionApiGateway": {
      "Type": "AWS::Lambda::Permission",
      "Properties": {
        "FunctionName": {
          "Fn::GetAtt": [
            "CreateFunctionLambdaFunction",
            "Arn"
          ]
        },
        "Action": "lambda:InvokeFunction",
        "Principal": "apigateway.amazonaws.com",
        "SourceArn": {
          "Fn::Join": [
            "",
            [
              "arn:",
              {
                "Ref": "AWS::Partition"
              },
              ":execute-api:",
              {
                "Ref": "AWS::Region"
              },
              ":",
              {
                "Ref": "AWS::AccountId"
              },
              ":",
              {
                "Ref": "ApiGatewayRestApi"
              },
              "/*/*"
            ]
          ]
        }
      }
    }
  },
  "Outputs": {
    "ServerlessDeploymentBucketName": {
      "Value": "serverless-framework-deployments-sa-east-1-ebbd4ccc-a4b7",
      "Export": {
        "Name": "sls-pos-tech-employees-ms-prod-ServerlessDeploymentBucketName"
      }
    },
    "AuthenticatorFunctionLambdaFunctionQualifiedArn": {
      "Description": "Current Lambda function version",
      "Value": {
        "Ref": "AuthenticatorFunctionLambdaVersion1L7fRlZ9WBJveoUd8fNRBdSQulnK3agE1MT92ubFrS4"
      },
      "Export": {
        "Name": "sls-pos-tech-employees-ms-prod-AuthenticatorFunctionLambdaFunctionQualifiedArn"
      }
    },
    "CreateFunctionLambdaFunctionQualifiedArn": {
      "Description": "Current Lambda function version",
      "Value": {
        "Ref": "CreateFunctionLambdaVersionETVjLONXK9YijvK50uCPDZeSnqQgi3EobDb1NxU8"
      },
      "Export": {
        "Name": "sls-pos-tech-employees-ms-prod-CreateFunctionLambdaFunctionQualifiedArn"
      }
    },
    "ServiceEndpoint": {
      "Description": "URL of the service endpoint",
      "Value": {
        "Fn::Join": [
          "",
          [
            "https://",
            {
              "Ref": "ApiGatewayRestApi"
            },
            ".execute-api.",
            {
              "Ref": "AWS::Region"
            },
            ".",
            {
              "Ref": "AWS::URLSuffix"
            },
            "/prod"
          ]
        ]
      },
      "Export": {
        "Name": "sls-pos-tech-employees-ms-prod-ServiceEndpoint"
      }
    }
  }
}